keyword,hits
free,0
winner,0
urgent,0
click,0
offer,0
money,0
prize,0
lottery,0
limited,0
buy now,0
claim,0
bonus,0
cash,0
earn,0
earn money,0
income,0
double your,0
make money,0
save money,0
cheap,0
credit card,0
mortgage,0
loan,0
refinance,0
debt,0
bankruptcy,0
investment,0
stock,0
bitcoin,0
crypto,0
financial freedom,0
no fees,0
hidden charges,0
billion dollars,0
million dollars,0
wealth,0
rich,0
profits,0
guaranteed returns,0
extra cash,0
act now,0
apply now,0
call now,0
clearance,0
limited time,0
expire,0
expiry,0
get started,0
immediate,0
instant,0
asap,0
today only,0
one time,0
last chance,0
final notice,0
don't hesitate,0
don't delay,0
take action,0
ends soon,0
running out,0
hurry,0
gift,0
voucher,0
coupon,0
discount,0
bargain,0
promo,0
special offer,0
exclusive deal,0
jackpot,0
draw,0
selected,0
congratulations,0
you won,0
lucky,0
sweepstakes,0
award,0
reward,0
complimentary,0
giveaway,0
gift card,0
100% free,0
no cost,0
save,0
sales,0
best price,0
lowest price,0
satisfaction guaranteed,0
verify account,0
security alert,0
update info,0
reset password,0
unauthorized login,0
suspended account,0
locked out,0
confirm details,0
bank alert,0
official notification,0
billing issue,0
payment pending,0
invoice overdue,0
action required,0
attention,0
important message,0
critical update,0
resolve issue,0
unsubscribe,0
opt out,0
click here,0
unsolicited,0
marketing,0
newsletter,0
bulletin,0
advertisement,0
ad,0
sponsored,0
click below,0
visit link,0
open attachment,0
download file,0
remove me,0
not spam,0
bulk email,0
weight loss,0
miracle cure,0
diet pill,0
anti-aging,0
viagra,0
cialis,0
pharmacy online,0
cheap drugs,0
doctor certified,0
hair growth,0
natural remedy,0
replica watch,0
rolex,0
casino,0
slots,0
betting,0
gambling,0
poker,0
adult,0
meet singles,0
dating,0
hot girls,0
work from home,0
home based business,0
be your own boss,0
no experience needed,0
flexible hours,0
part-time job,0
earn daily,0
passive income,0
job offer,0
hiring now,0
recruiting,0
$$$,0
100% satisfied,0
valium,0
xanax,0
prozac,0
enhancement,0
performance,0
enlarge,0
secret,0
insane deal,0
risk free,0
no risk,0
trial,0
test drive,0
unlimited access,0
cancel anytime,0
no obligation,0
winner selected,0
claim prize,0
lottery jackpot,0
mega millions,0
powerball,0
lucky draw,0
cash payout,0
bank wire,0
western union,0
moneygram,0
gift voucher,0
free trial,0
free access,0
free download,0
full refund,0
moneyback,0
no credit check,0
pre-approved,0
interest rate,0
low apr,0
consolidate debt,0
credit repair,0
foreclosure,0
tax refund,0
irs notice,0
revenue service,0
government grant,0
funding,0
invest,0
stocks to buy,0
pennystock,0
hot stock,0
trade alert,0
market update,0
insider info,0
profit daily,0
get rich quick,0
financial security,0
retire early,0
dream life,0
luxury living,0
exclusive club,0
vip access,0
high paying,0
sign up bonus,0
join free,0
register now,0
don't miss,0
act fast,0
deal ends,0
closing soon,0
limited stock,0
while supplies last,0
immediate response,0
reply immediately,0
time sensitive,0
confidential,0
top secret,0
strictly private,0
read this,0
please read,0
attention needed,0
system administrator,0
webmaster,0
helpdesk,0
support ticket,0
unusual activity,0
security breach,0
password compromised,0
identity theft,0
protect yourself,0
insurance quote,0
cheap rates,0
save big,0
unbelievable,0
amazing,0
out of this world,0
guarantee,0
certified,0
proven results,0
tested,0
trusted,0
official partner,0
